filename,width,height,class,xmin,ymin,xmax,ymax,source
IMG_2635.jpg,3024,4032,pot,256,399,1300,1349,none
orange.jpg,3024,4032,orange,1292,376,1877,1026,none
IMG_20210212_042707.jpg,4608,2176,orange,2499,1047,3113,1660,none
IMG_2638.jpg,3024,4032,butter,956,1672,1433,2405,none
orange.jpg,3024,4032,orange,1297,1101,1847,1676,none
IMG_2637.jpg,3024,4032,pot,1706,1310,2994,1783,none
orange.jpg,3024,4032,orange,347,216,882,826,none
orange.jpg,3024,4032,orange,227,1011,887,1676,none
IMG_2638.jpg,3024,4032,butter,744,2944,1222,3605,none